"","libgeo","taux_pvt.total","taux_chom_bit.total","taux_emp.total","ecart_tx_emp_f_h.total","sal_hor_net_femme.ens","sal_hor_net_homme.ens","part_tps_partiel","part_chomeurs_ld","niveau_vie_median","part_foy_fisc_impos","revenu_decl_median","esper_vie.femme","esper_vie.homme","part_20_24_sortis_nondip","taux_mort_infant","part_pop75","pop.f_15_24","taux_lgmt_suroccupes","log_hlm_tot","part_pls","part_log.vac","qualair_NO2.moyanmax_dep","med_dist_km.act","part_critair_1_0_vp","couv4g","apl_medgen_moins65","part_apa_plus75","nb_crea_etablissements","part_emp_ess","deces_femme_cancer"
"1","Ain","10.8","5.9","71.56","-6.92","13.7672110633504","16.4484543640253","16.18","35.4","24810","55.2","24780","85.7","80.7","14.6","3.2","8.36","32903","2.42","47407","16.64","8.08","41","10.9","26.75","97.9","2.50300500822518","18.88","8654","11.65","608"
"2","Aisne","18.8","11.1","61.04","-7.2","12.7125862788714","14.6126218626505","17.46","50.12","20920","45.2","20200","82.6","76.1","22.21","4.7","9.39","27921","2.34","40922","17.59","9.94","54","10.9","22.36","99.6","2.74218337998848","27.34","4595","11.74","644"
"3","Allier","16.2","8.3","64.28","-3.98","12.5363914423062","14.3823007828551","16.74","47.17","21500","45.3","20860","84.6","78.3","17.26","4.1","13.86","15482","1.64","20200","12.35","14.68","49","7.1","22.11","99.6","2.75916139585589","23.71","3611","13.07","609"
"4","Alpes-de-Haute-Provence","17.1","9.1","65.14","-4.26","12.9829946139924","14.9891344535969","21.15","40.57","21790","47.3","21450","84.5","78.9","16.3","2.2","12.83","6921","2.94","7540","9.39","8.26","53","6.3","23.74","85.1","3.31192408282962","19.98","2830","13.18","234"
"5","Hautes-Alpes","14.7","7.8","69.58","-3.64999999999999","12.6804709138246","14.2041032474476","22.83","39.9","22010","49.3","21680","86.2","80.4","13","2.2","12.1","5666","2.27","7968","11.68","5.68","41","2.7","24.24","78.1","4.31021979438405","17.66","2550","14.24","184"
"6","Alpes-Maritimes","16.4","8.6","66.23","-6.16","14.749197619307","17.6581322678036","15.87","39.07","23460","55.2","23530","85.6","79.3","15.87","2.8","12.82","56657","9.92","58685","11.16","8.32","49","4.3","36.44","83.4","3.72641396212145","19.85","29301","8.66","1433"
"7","Ardèche","14.9","8.6","66.38","-5.06999999999999","12.7641341990653","15.0607485388705","23.23","40.88","21990","47.3","21480","85.8","79.3","14.65","3","11.95","14557","1.98","13743","9","9.59","59","8.3","23.13","95.8","2.60141578702171","25.33","4490","15.92","413"
"8","Ardennes","19.4","9.5","61.91","-8.13","12.4557703401786","14.6938239165389","18.59","50.45","20850","43.5","20250","83.2","76.7","18.68","3.2","9.93","13079","1.42","24336","19.96","11.63","41","8.7","20.32","97.1","3.46320273694326","31.05","2461","11.86","357"
"9","Ariège","19","9.8","64.48","-4.46999999999999","12.1190713831432","14.2216470948766","21.49","46.93","20820","43.3","20150","85.1","79.3","16.88","1.9","12.91","6541","1.97","3624","4.9","9.04","54","7.5","19.71","83.9","3.46719646814775","23.13","2288","13.37","234"
"10","Aube","16.9","10","62.83","-5.35000000000001","12.7326085108341","14.8951301882787","15.89","47.43","21530","47.7","21070","84.7","77.6","17.65","4.7","10.35","17055","2.83","32002","22.24","9.29","49","6.5","21.77","99","2.93559095869942","21.5","3737","12.46","370"
"11","Aude","20.8","10.5","61.1","-6.3","12.3453326282154","14.0474876301957","20","45.1","20510","42.2","19720","84.5","78","19.26","1.9","12.43","17367","2.55","18191","10.16","8.12","53","6.4","22.05","94.6","3.26558481855607","17.63","5586","13.44","550"
"12","Aveyron","14.5","5.9","69.26","-3.42","12.4414430550967","14.2201721057264","20.51","39.42","21860","45.6","21380","86","80.3","14.4","3.3","14.02","11549","1.41","8622","6.5","10.89","41","5.5","18.27","96.9","3.20332018652645","26.75","3431","17.97","362"
"13","Bouches-du-Rhône","18.5","9.1","62.31","-6.69","14.6961058560425","17.5912763431564","15.85","42.3","22920","53.2","22740","84.9","79.2","17.16","3.4","10.07","121670","6.71","162109","17.32","7.47","49","6.1","29.75","99.2","4.02300424513059","18.38","47678","10.18","2312"
"14","Calvados","12.5","7.1","65.97","-3.26000000000001","13.2595270996365","15.3579407283379","17.59","40.55","22840","52.1","22650","84.8","78.7","13.98","3.4","10.21","43948","2.05","59840","18.42","6.62","59","9.6","25.7","99.9","3.79161380728522","22.12","9811","12.97","917"
"15","Cantal","14.2","4.3","70.48","-2.96000000000001","11.9765683946646","13.42163775049","17.34","37.95","21710","44.8","21060","84.1","77.7","13.41","4.1","13.94","6028","1.1","6231","8.96","11.66","41","5.9","21.8","95.2","3.40529102405916","24.34","1471","17.61","230"
"16","Charente","15.1","7.5","66.71","-5.01000000000001","13.0059739137639","15.0425128151373","16.37","45.12","22000","47.7","21610","84.8","78.5","16.34","2.6","12.54","16253","1.56","16153","9.66","10.39","54","8.7","20.35","99.9","2.88145585350487","20.21","4353","12.8","544"
"17","Charente-Maritime","12.5","7.9","65.56","-4.00999999999999","13.0195013027008","15.0948949001242","18.57","41.22","22810","50.8","22590","85.2","79","15.15","2.5","13.31","30295","1.71","29722","9.3","6.79","49","8.6","25.61","99.9","3.91272921691994","16.54","10530","12.21","1058"
"18","Cher","14.7","7.8","65.47","-4.35000000000001","12.7675168313167","14.9868605436672","15.28","46.92","22100","49.2","21750","83.9","77.8","19.11","4.2","12.57","13722","1.85","20905","14.65","12.77","53","8.1","21","99.5","2.20919829589764","17.99","3318","11.44","465"
"19","Corrèze","13.7","6.4","67.5","-2.98","12.5765740788101","14.4475357024461","15.28","41.79","22140","48.7","21830","84.6","79","14.23","2.5","13.86","10475","1.37","9754","8.45","11.1","41","7.4","22.12","98.6","2.87907728501973","19.51","2868","13.33","383"
"20","Côte-d'Or","11.8","5.8","67.34","-4.76000000000001","13.6725430502283","15.901230831871","15.92","40.19","23720","55.8","23730","86.1","80.1","13.39","2.7","10.24","36563","2.21","37029","14.51","8.47","49","6.1","25.77","97.2","3.7951386432795","19.94","7602","12.02","604"
"21","Côtes-d'Armor","11.8","6.8","67.09","-3.70999999999999","12.7930090064516","14.7529434991972","18.02","40.01","22670","49.3","22330","84.8","77.9","12.6","3.3","12.59","27699","1.26","23322","8.21","8.29","59","9.4","21.8","99.7","3.12926936803731","20.62","6210","17.17","898"
"22","Creuse","19.2","7.1","64.95","-1.77","12.1960784048314","13.1115119564334","18.84","48.15","20620","42.2","19950","84.2","77.2","17.21","3.4","15.03","4413","1.26","5469","9.53","15.77","41","7.9","17.19","99.4","2.61466484494924","28.61","1242","17.11","195"
"23","Dordogne","16.6","7.7","64.92","-3.07","12.4291664501923","13.9154166491865","18.28","43.75","21410","45.1","20930","84.7","77.7","16","2.9","14.12","16798","1.69","14360","7.2","10.07","54","7.3","20.62","99.7","2.85622217793205","22.95","5935","12.21","628"
"24","Doubs","13.1","7.3","67.15","-6.25","12.9976217787237","15.5012369348589","19.27","39.07","23890","55.1","23920","85.4","79.5","14.05","4.4","9.5","33554","2.13","37336","14.86","8.54","49","7.3","25.77","97.9","3.76017465390705","18.92","6289","12.94","551"
"25","Drôme","14.8","8.5","66.7","-6.33","13.3145306596004","16.0236316559753","20.05","40.3","22450","49.5","21980","85.2","80.4","15.98","2.7","10.58","25144","2.21","29173","12.35","8.39","53","8.3","24.72","95.1","3.22267888025772","23.76","8201","12.4","648"
"26","Eure","12.7","7.8","66.98","-5.20999999999999","13.7935718297077","16.1317470352806","14.94","44.51","22880","53.3","22600","84.1","77.7","18.61","3.1","8.72","29998","2.57","42513","16.47","7.98","41","14.4","22.25","99.9","2.34170436859544","17.63","6450","9.57","733"
"27","Eure-et-Loir","12.1","7","68.12","-5.67999999999999","13.9224418715857","16.1432229348964","14.51","42.69","23360","55.3","23190","84.6","78.8","17.62","4.4","9.7","21174","2.95","32487","17.3","8.72","49","13.8","23.16","100","2.22329725148001","18.6","4975","10.09","505"
"28","Finistère","10.8","6.6","65.79","-3.51000000000001","13.0369580105635","15.2587202417356","18.14","39.85","23220","51.4","23000","84.8","78.6","11.65","3.7","11.17","48690","1.16","48430","10.98","7.15","59","9.4","25.07","99.8","4.04312236885931","19.84","9649","16.55","1238"
"29","Corse-du-Sud","15.8","6.5","68.32","-9.13","13.1335123813816","15.0932901649026","9.18","33.48","23420","54","23460","85.7","80.2","15.56","2.7","11.74","6535","4.93","6327","8.77","2.98","41","4","34.82","90.1","3.24724374973474","17.75","3314","7.3","213"
"30","Haute-Corse","20.2","7.3","62.44","-12.76","12.8476084158526","14.5490869956862","11.37","37.52","21460","46.9","21110","85.9","80.5","19.92","3","11.47","9327","5.09","9014","10.75","3.24","54","5.4","31.21","90.1","3.24182597046343","23.21","3228","9.55","222"
"31","Gard","20","10.6","61","-6.75","13.2296906432622","15.7125639007907","19.75","45.8","21330","46","20790","85.1","79.3","18.41","4.1","10.99","38436","3.36","42004","12.12","8.55","49","8.7","24.84","97.5","3.2884634713625","23.2","12219","11.86","925"
"32","Haute-Garonne","14.3","8","67.17","-5.64999999999999","15.1436528569592","18.3411093811494","16.01","38.68","24230","56.6","24310","86.5","81.2","12.93","3","8.04","102800","3.28","94394","13.87","7.22","53","8.2","28.16","97.3","4.03396353495583","22.61","28331","8.93","1266"
"33","Gers","15.3","6.1","68.41","-3.74000000000001","12.9942164223932","15.0336310698382","20.1","38.18","22110","46.3","21720","85.5","79.9","15.22","4.5","13.99","7827","1.32","5889","6.5","10.03","41","10.2","18.37","99.9","3.03006720942013","25.39","2890","15.04","277"
"34","Gironde","12.8","7.2","67.31","-5.29000000000001","14.3651544420342","17.2417685695426","15.11","38.78","23950","55.7","24000","85.8","80.1","13.8","3.4","9.17","106930","2.93","108888","14.04","6.18","49","7.7","27.4","99.6","4.59628279336121","21.54","34755","10.04","1773"
"35","Hérault","19.4","10.9","60.78","-5.37","13.8119191682007","16.0668190601702","19.47","42.46","21800","48.1","21340","85.4","79.8","16.65","2.9","10.41","78199","4.62","67668","11.82","6.96","59","6.6","25.99","97.1","4.10853992015676","15.01","25580","11.3","1376"
"36","Ille-et-Vilaine","10.8","5.8","68.43","-4.37","13.8092802801469","16.3842797064314","17.52","35.02","23690","53.6","23520","86.2","79.9","11.12","3.6","8.76","74368","1.9","73717","14.83","6.37","41","10.5","23.63","99.9","3.86720438544521","18.85","15028","12.97","1039"
"37","Indre","15.4","7.4","65.74","-3.31","12.3699928849848","13.9151581639037","15.32","43.82","21270","45.1","20810","84.1","78","16.12","2.7","14.22","9420","1.57","17539","16.59","13.31","54","7.2","18.27","99.8","2.45204554312149","22.14","2141","12.17","368"
"38","Indre-et-Loire","12.8","6.8","66.71","-4.02000000000001","13.7188759208789","16.3168212766938","16.75","39.17","23140","52.7","23010","85.7","79.5","12.83","4.9","10.68","39265","2.1","51925","17.96","8.45","49","9.2","25.98","99.8","3.81027250558912","17.44","8830","12.12","764"
"39","Isère","11.8","6.5","68.43","-5.8","14.7123535152865","17.6914972968674","19.32","37.42","24270","57","24200","86","80.8","14.88","3.4","8.86","77080","2.9","91920","16.26","7.7","53","9.8","27.42","92.1","3.57818866303743","20.17","20551","9.96","1278"
"40","Jura","11.8","5.3","69.36","-4.64","12.7073145583162","15.1164315525258","18.63","34.77","23140","51.9","22990","84.8","79.3","13.88","4.9","11.74","12034","1.45","14160","11.68","9.63","41","8.9","24.11","97.8","3.35407771027342","24.21","2856","12.48","321"
"41","Landes","11.7","7.6","67.19","-4.76000000000001","12.7370280556035","14.8187756020053","16.03","37.37","22840","50.9","22700","85.4","79.7","13.66","3.4","11.95","17728","1.43","14017","7.09","6.41","49","9.8","23.58","98.9","3.93264387527751","25.84","6918","11.22","583"
"42","Loir-et-Cher","13.2","6.3","67.65","-4.62","13.1085026739749","15.1791864805098","14.69","39.69","22510","51.2","22260","85.5","79.2","16.61","2.5","12.48","14891","1.92","21496","14.2","10.84","59","9.9","20.78","100","2.49696043916137","24.34","3473","10.67","469"
"43","Loire","15.8","7.6","65.02","-6.2","13.0481606796797","15.5029716644552","20.74","41.82","21970","47.3","21400","85.4","79.8","15.51","3.2","11.16","43953","2.67","59993","17.24","10.2","41","8.2","24.27","98.6","3.4087969621857","19.38","10646","13.17","1008"
"44","Haute-Loire","12.3","6.1","69.14","-4.38","12.4183377130566","14.2558654270557","23.31","41.89","22100","45.5","21500","85.3","79.2","12.35","1.5","11.78","10434","1.2","8267","7.93","12.38","54","9.4","21.62","95.9","3.2498651283973","17.33","2401","18.22","308"
"45","Loire-Atlantique","10.5","6.5","69.37","-4.52","14.1141656345266","17.0379269866414","18.33","36.2","24120","56.1","24090","85.5","79.7","12.47","2.8","8.57","88401","2.2","92148","13.92","5.56","49","10.2","26.46","100","3.85169686557103","26.05","22328","12.61","1582"
"46","Loiret","13.9","7.2","66.92","-5.08","13.8792503765927","16.0868257564087","13.71","39.64","23090","55.3","22910","85.6","79.3","17.62","3.2","9.63","37651","3.23","51374","16.84","8.88","53","8.3","23.97","100","2.37415365533471","17.81","8471","10.32","725"
"47","Lot","15.3","7.8","66.78","-2.75","12.6697588007876","14.3950244444882","20.69","42.13","21910","46.8","21540","85.6","80.5","15.36","4.5","14.77","6534","1.69","5262","6.12","10.55","41","7.3","20.09","99.2","3.08777043338962","30.01","2451","15.91","281"
"48","Lot-et-Garonne","17.7","7.9","65.4","-5.61000000000001","12.5230642014951","14.1441216888326","17.37","40.69","21050","43.7","20450","85.4","79.4","16","3.2","13.4","15493","1.89","11297","7.27","11.62","49","7","20.84","99.8","2.79815927876883","15.84","4599","13.83","467"
"49","Lozère","15.5","4.9","68.42","-2.30000000000001","12.1321165487126","13.1536237383736","19.14","38.02","21580","45.8","21050","83.9","77.5","14.15","3","12.35","3562","1.64","2891","8.02","9.75","59","5.1","16.93","93.1","2.66589385870413","18.61","890","26.5","110"
"50","Maine-et-Loire","11.5","7","68.52","-5.55999999999999","12.8581064105822","15.2071173953455","18.85","38.33","22500","48.7","22090","86.3","80.7","14.09","3.9","9.86","53177","1.53","66385","18.06","6.42","41","9.7","21.39","99.9","3.83350877463296","15.17","9640","15.41","879"
"51","Manche","11.7","5.6","68.93","-4.19","12.7659707840278","15.1792468911627","17","39.92","22480","49.1","22190","84.7","78","12.22","3","12.27","22407","1.02","37866","16.24","7.98","54","8.5","20.22","99.9","2.90891419780359","18.11","4464","13.38","709"
"52","Marne","15","7.4","65.03","-5.88","13.6945616665237","16.0158066697375","17.33","42.26","22830","53.1","22700","84.6","78.7","16.73","4.3","9.09","36648","2.05","73671","27.97","9.1","49","4.7","25.9","99","3.85251009761354","19.79","8057","12.18","588"
"53","Haute-Marne","15.3","6.5","64.93","-7.3","12.2093330036866","13.9762610614638","16","45.88","21350","46","20870","84","77","16.63","4.2","12","7892","1.37","15865","19.54","11.72","53","7.4","20.11","97.7","2.78712846573028","19.39","1578","11.35","244"
"54","Mayenne","11.5","5.2","70.74","-4.41","12.5665163472884","14.4920891650083","15.53","35.13","22230","47.3","21730","85.9","80.1","12.36","2.9","11.11","15948","1.18","15933","11.68","9.26","41","8.5","19.3","100","2.67674717713176","21.43","3105","12.6","354"
"55","Meurthe-et-Moselle","15.3","7.5","63.41","-4.61000000000001","13.4710686070566","15.6909534132225","18.13","44.88","23010","49.4","22840","84.4","78.3","16.56","3.4","9.22","50157","2.32","53629","15.74","9.23","49","8.5","25.94","99.4","3.8594279800092","17.56","8402","12.72","842"
"56","Meuse","14.8","7.5","65.48","-6.27","12.3873434110197","14.4951960247916","18.57","47.01","21890","47","21530","83.5","77.7","15.92","1.9","10.84","8464","1.16","10122","12.14","11.98","59","9.4","19.51","97.8","3.12322985564384","19.73","1481","13.23","248"
"57","Morbihan","11.1","6.5","66.31","-3.80999999999999","12.9561526166183","15.3149305576616","17.44","38.13","23140","51.5","22960","84.8","78.6","12.72","2.2","11.64","35640","1.48","37928","10.46","6.88","41","10","24.12","99.9","3.82287296780523","23.11","9121","12.9","1126"
"58","Moselle","15.9","7.8","65.17","-6.59","12.9085165542935","15.668195111895","19.05","44.2","22980","46.2","22850","83.6","78.3","15.59","3.7","9.2","54915","2.29","78499","16.66","9.08","54","9.4","24.77","98.6","3.40712567217766","25.02","11524","12.07","1314"
"59","Nièvre","16.1","6.5","62.67","-4.26000000000001","12.3889072705523","14.2163776059546","16.95","45.64","21380","46.5","20960","84.3","77.2","17.81","4.3","14.61","8594","1.55","13348","13.27","13.83","49","7.4","20.66","97.1","2.46036335424403","16.66","1993","14.56","318"
"60","Nord","19.5","9.8","60.49","-6.94","13.8978227862303","16.2598294972619","17.96","47.96","21340","47.7","20790","83.5","77.1","19.64","3.5","7.71","177654","2.91","275273","24.21","7.39","53","8","27.14","100","4.19721960245988","24","35397","11.65","2881"
"61","Oise","13.4","7.9","65.82","-6.83","14.4627322354573","17.1116400542224","14.75","43.86","23330","56","23160","84.1","78.5","18.51","3.9","7.57","46027","4.2","67912","19.63","7.05","41","17","27.99","99.9","2.69379228819485","31.33","9665","10.5","815"
"62","Orne","15.6","7.2","65.16","-3.45","12.3854832779537","13.9653544351448","16.49","46.32","21400","45.2","20910","84.5","77.7","16.29","3.5","13.01","13282","1.55","21168","16.33","10.85","49","7.9","18.69","99.7","2.34890517802085","16.59","2635","16.19","412"
"63","Pas-de-Calais","18.4","9","60.83","-8.92","12.5766856280788","14.7225989157645","19.27","46.86","20720","44.1","20030","83.3","76.4","19.53","3.5","8.38","83472","2.02","161622","25.77","7.34","59","10","24.44","100","3.95924386391232","19.71","13876","12.52","1776"
"64","Puy-de-Dôme","13.9","6.8","66.24","-4.84","13.8022178549334","16.1296481077937","17.26","41.9","23060","52.3","22830","85.1","79","14.32","2.9","10.28","41059","1.76","43602","13.81","10.49","41","8.3","24.56","97.8","3.57601070625949","28.18","8946","11","825"
"65","Pyrénées-Atlantiques","12.6","6.4","67.62","-4.54000000000001","13.576600260513","16.5202170609238","17.72","38.88","23300","52.1","23210","86.4","81","11.87","3.4","12.12","33933","1.99","37485","11.25","7.61","54","6.8","26.37","86.8","4.21345213133952","19.91","11724","13.36","850"
"66","Hautes-Pyrénées","16","8.8","63.85","-3.16","12.2995526856719","14.3347372152757","17.86","43.14","21530","46","21120","85","79.4","15.54","2.5","13.55","10720","1.74","12617","11.29","9.26","49","6.9","22.08","80.1","3.23737700320735","20.71","3182","14.46","351"
"67","Pyrénées-Orientales","21.2","12.3","57.95","-5.15","12.7040974008693","14.2325893446036","19.42","46.08","20650","43.8","19950","84.7","77.6","22.13","3.5","12.81","23720","3.61","25428","10.92","7.98","53","6.9","24.71","91.5","3.71829055757593","18.3","8437","12.87","648"
"68","Bas-Rhin","13.5","6.7","67.47","-6.34","14.0189320034769","16.6550541062014","16.44","40.27","24090","56.8","24210","85.1","79.7","13.93","3.4","8.75","74010","3.75","69870","13.54","7.92","41","7.4","28.03","97.4","4.30704672480544","19.71","16010","10.28","1217"
"69","Haut-Rhin","13.7","7.8","66.99","-6.97000000000001","13.2138865041707","16.0402574100193","18.76","43.33","24470","57.1","24720","85.1","79.6","14.97","3.8","9.43","38716","2.96","50172","14.73","9.04","49","7.6","27.43","96.7","3.08676271564592","19.43","9155","12.96","856"
"70","Rhône","14.8","7.1","66.71","-6.25","15.8347235991301","18.8683596472332","16.38","37.24","24480","58.6","24500","86.6","80.8","14.13","3.3","8.54","139891","5.17","179353","20.91","7.55","59","6.9","30.21","99.5","3.67991747451227","22.57","41362","10.53","1614"
"71","Haute-Saône","13.6","6.8","66.94","-5.94","12.5661935395459","14.439301599289","19.19","42.06","21860","47.4","21510","84.7","78.8","15.11","3.4","10.62","10908","1.24","11359","10.54","10.59","41","12.1","19.54","98.7","3.40468811975138","18.22","2050","16.26","295"
"72","Saône-et-Loire","13.3","6.6","67.33","-5.17999999999999","12.7437265322942","15.2024024164671","17.74","41.76","22170","49","21860","85.6","79.2","15.92","2.9","12.82","24280","1.57","42839","16.54","10.16","54","8.2","22.69","99","2.74364314962602","21.22","6290","10.61","752"
"73","Sarthe","13.5","7.7","66.84","-4.04000000000001","12.9911058655725","15.068655436399","17.65","41.3","22230","49.5","21880","85.1","78.8","15.95","3.5","10.87","31635","1.83","39300","15.4","9.11","49","9","22.98","99.8","2.55085466471942","18.69","5363","11.83","704"
"74","Savoie","11.2","6.5","71.47","-4.31","13.85465259125","16.8067465941886","18.52","34.22","24270","57.8","24290","86.4","80.3","12.34","2.4","9.97","22713","2.94","35004","17.04","5.75","53","6.5","28.51","82.3","3.78246904085553","13.28","8191","9.59","456"
"75","Haute-Savoie","9.5","6.5","73.69","-6.39999999999999","14.1185533540922","16.9046478938201","18.18","33.4","28120","58","28930","86.3","81","12.84","3.2","7.92","40478","4.05","50419","13.34","6.59","41","6","33.68","95.4","3.45709145977683","23.79","14648","9.91","720"
"76","Paris","15.6","6.4","69.86","-3.59999999999999","23.8790074610363","29.8468584773812","13.69","43.53","29730","68.8","31670","86.7","81.1","9.18","3.6","8.19","159807","11.07","236748","20.98","9.48","49","4.8","41.54","100","3.67155269027145","16.52","89231","10.95","1869"
"77","Seine-Maritime","15.4","8.6","63.21","-5.47000000000001","13.6924143108422","16.3462951435582","16.86","45.62","22340","50.8","22030","84.5","78","16.24","3.8","9.47","77810","2.51","148713","25.69","7.9","59","8.4","26.83","99.9","3.51706328365091","10.86","14628","10.26","1480"
"78","Seine-et-Marne","12.4","7.3","68.71","-5.19","15.4807564327461","17.7661494690478","13.41","41.01","24640","62.4","24730","84.9","79.6","15.99","3.5","6.55","88211","7.22","108619","18.78","6.73","41","19","27.88","100","2.29046620198931","19.16","24673","7.23","1135"
"79","Yvelines","10.5","6.7","69.45","-5.92","19.8271366480065","25.091292476739","13.39","41.49","28130","69.7","29250","86.3","81.6","13.54","3.5","7.96","84817","6.56","129509","21.51","6.31","54","14.4","35.07","99.9","2.23354527728669","18.6","26982","7.3","1301"
"80","Deux-Sèvres","12.4","5.6","70.06","-3.96000000000001","13.7464383733739","14.9048606366057","17.45","39.96","22220","48.1","21860","85.3","78.6","14.35","3.5","11.7","16997","1.24","15556","9.13","8.94","49","9.6","19.6","99.8","2.97715753076313","21.93","3603","19.38","497"
"81","Somme","16.4","9.1","62.02","-6.09999999999999","12.8658938733282","15.005277090939","17.45","45.94","21560","47.9","21140","83.9","77","18.21","3.2","9.28","37084","2.64","42266","16.56","8.52","53","9.1","23.81","99.9","4.14677376961107","23.98","5729","11.3","561"
"82","Tarn","15.7","8","65.19","-4.76000000000001","13.0094629819277","15.1018861241825","20.91","44.54","21730","45.3","21240","86","80.2","16.2","2.5","12.96","18792","1.5","15454","8.47","8.95","41","8.7","22.06","97.9","3.07828453456304","15.47","5678","16.9","513"
"83","Tarn-et-Garonne","16.7","9.1","65.57","-6.31","12.6568287960227","14.8622920306283","18.01","40.13","21520","45.8","20950","84.9","80","19.66","3.3","10.82","12285","2.41","8822","7.67","9.65","49","9.5","18.88","99.8","2.9512464824086","16.38","3797","14.6","320"
"84","Var","15.6","8.2","63.99","-7.09","13.5073521295533","16.0428913242775","16.54","41.18","23120","53","23080","84.8","79.7","17.2","2.9","13.11","49858","5.01","53552","10.37","5.85","59","6.1","31.21","95.5","3.2196809781623","17.16","23075","9.94","1530"
"85","Vaucluse","19.9","10.1","63.28","-8.17","13.1617842251247","15.4622534740509","19.19","41.55","21370","47.1","20850","85.3","78.8","18.82","2.7","10.88","28483","3.69","35851","14","9.92","41","7.5","25.51","97.8","3.21642433946745","19.73","10988","10.82","726"
"86","Vendée","9.1","5.9","70.12","-5.20999999999999","12.4613439240763","14.5314781321876","17.2","36.1","22790","50.2","22510","85.6","79.5","11.48","2.4","11.44","32252","1.31","24256","7.7","4.96","54","10.3","22.38","100","2.95317539942439","17.6","8155","13.16","935"
"87","Vienne","14.7","6.3","64.84","-3.02999999999999","12.8656237949018","14.8557101980537","18.18","39.07","22220","48.8","21890","85.5","79.8","13.65","3.1","10.95","29937","1.96","25828","12.44","9.36","49","9.9","22.59","99.8","3.84214736722966","17.16","5024","13.04","532"
"88","Haute-Vienne","16.1","7","64.59","-3.92","13.1027521584496","14.7955783709361","16.33","44.13","22140","49","21870","85.8","79.1","15.91","4.5","12.32","22357","1.92","26244","14.25","9.63","53","6.1","24.24","99.7","3.9045201775149","20.45","4748","8.17","455"
"89","Vosges","15.3","8.2","64.9","-5.26000000000001","12.5114961593396","14.7025896608056","17.5","48.52","21550","46.3","21170","83.9","77.2","16.16","2.7","11.45","17217","1.43","24294","14.29","10.98","41","9","22.64","98","3.30961113174071","22.19","3766","11.59","548"
"90","Yonne","14.9","7.1","65.91","-4.21000000000001","12.8270374706044","14.7495684454379","15.79","43.41","21940","50.2","21590","84.2","77.4","20.95","3.2","11.61","14747","2.41","20929","13.59","11.82","49","9.8","20.24","99.4","2.26994333256812","12.35","3919","10.36","431"
"91","Territoire de Belfort","16.3","9","63.96","-5.57","13.6729478985345","17.2379050682728","18.45","42.5","22920","53.3","22840","84","79.1","17.88","5.7","9.49","7307","2.04","14223","22.04","10.64","59","7.8","28.52","98.9","3.11064328760907","12.28","1640","12.14","147"
"92","Essonne","13.9","6.9","68.25","-4.64","16.5436975482862","18.7230403615922","12.77","40.2","25040","64.7","25310","85.4","80.6","17.17","3.6","7.25","80256","8.23","127420","23.84","7.17","41","14.6","31.5","100","2.34526002810151","25.72","23499","7.74","1148"
"93","Hauts-de-Seine","12.4","6.6","71.14","-4.31999999999999","23.4403516624955","28.1373448476467","10.62","43.05","29720","70.4","31610","86.6","81.7","12.2","3.1","7.42","100077","10.48","203659","27.58","6.58","54","8.4","37.22","100","2.51918245721351","18.51","37995","5.82","1344"
"94","Seine-Saint-Denis","28.4","10.9","60.77","-8.00000000000001","14.9760899379941","14.9872829262552","12.63","47.18","19020","49.2","17470","84","78.4","20.82","5.3","5.18","108955","18.8","235058","35.98","6.06","49","8.8","23.81","100","2.69246254107861","16","39854","6.47","1013"
"95","Val-de-Marne","17.2","7.7","67.04","-4.09","17.9071400109775","19.5545430587186","12.94","43.49","24270","62.4","24450","86.3","80.6","14.7","4.5","7.15","91562","12.32","179474","29.42","5.83","53","9.3","33.82","100","2.89974033520767","13.27","29842","7.89","1141"
"96","Val-d'Oise","17.7","8.8","65.98","-6.76000000000001","16.2219785506328","17.5679789087863","13.46","42.98","23290","60.6","23070","84.8","79.6","17.58","4.5","6.09","78644","10.92","127457","26.02","6.02","41","15.3","28.4","100","2.22407783031747","25.88","24886","7.44","963"
"97","Martinique","26.8","17.2","51.84","-2.9","14.3064910095514","15.4699486042432","15.94","69.4","19770","36","18070","81.6","73.7","14.36","7.5","8.99","21963","7.58","37202","21.05","14.87","49","7.8","38.81","97.7","2.80173321330511","15.28","7377","9.84","382"
"98","La Réunion","36.1","12.9","56.9","-0.870000000000005","14.0054335182642","15.2934881681601","14.5","67.04","17070","31.1","14290","81.4","75","14.3","7.2","10.19","18881","7.41","34210","20.26","15.88","59","7.8","39.81","99.3","2.94421632793395","34.75","5626","10.93","434"
"99","Guadeloupe","10.8","14.5","44.11","-13.22","14.3614869399223","15.5465868537397","13.26","67.12","24810","55.2","24780","80","73.4","38.74","8.2","2.05","24113","31.38","19373","22.72","9.92","41","0","36.69","9.1","1.68859409265059","18.88","3116","8.42","88"
"100","Guyane","18.8","18","48.16","-8.12","13.2922036274882","14.1261726484218","19.49","65.15","20920","45.2","20200","83.6","77.4","21.09","6.6","5.17","58337","8.81","78957","22.68","8.56","54","7.3","25.21","92.7","4.57111127342808","27.34","11994","11.05","544"
"101","Mayotte","16.2","5.9","71.56","-6.92","13.7672110633504","16.4484543640253","16.18","35.4","21500","45.3","20860","72.7","70.5","14.6","9.2","8.36","32903","2.42","2076","3.29","8.08","49","10.9","31.32","99.2","2.50300500822518","23.71","2078","11.65","77"
